username,email,bio,birthdate
user0,user0@example.com,User0 is a sample user with interests in various fields.,1990-01-01
user1,user1@example.com,User1 is a sample user with interests in various fields.,1990-02-02
user2,user2@example.com,User2 is a sample user with interests in various fields.,1990-03-03
user3,user3@example.com,User3 is a sample user with interests in various fields.,1990-04-04
user4,user4@example.com,User4 is a sample user with interests in various fields.,1990-05-05
user5,user5@example.com,User5 is a sample user with interests in various fields.,1990-06-06
user6,user6@example.com,User6 is a sample user with interests in various fields.,1990-07-07
user7,user7@example.com,User7 is a sample user with interests in various fields.,1990-08-08
user8,user8@example.com,User8 is a sample user with interests in various fields.,1990-09-09
user9,user9@example.com,User9 is a sample user with interests in various fields.,1990-10-10
user10,user10@example.com,User10 is a sample user with interests in various fields.,1990-11-11
user11,user11@example.com,User11 is a sample user with interests in various fields.,1990-12-12
user12,user12@example.com,User12 is a sample user with interests in various fields.,1990-01-13
user13,user13@example.com,User13 is a sample user with interests in various fields.,1990-02-14
user14,user14@example.com,User14 is a sample user with interests in various fields.,1990-03-15
user15,user15@example.com,User15 is a sample user with interests in various fields.,1990-04-16
user16,user16@example.com,User16 is a sample user with interests in various fields.,1990-05-17
user17,user17@example.com,User17 is a sample user with interests in various fields.,1990-06-18
user18,user18@example.com,User18 is a sample user with interests in various fields.,1990-07-19
user19,user19@example.com,User19 is a sample user with interests in various fields.,1990-08-20
user20,user20@example.com,User20 is a sample user with interests in various fields.,1990-09-21
user21,user21@example.com,User21 is a sample user with interests in various fields.,1990-10-22
user22,user22@example.com,User22 is a sample user with interests in various fields.,1990-11-23
user23,user23@example.com,User23 is a sample user with interests in various fields.,1990-12-24
user24,user24@example.com,User24 is a sample user with interests in various fields.,1990-01-25
user25,user25@example.com,User25 is a sample user with interests in various fields.,1990-02-26
user26,user26@example.com,User26 is a sample user with interests in various fields.,1990-03-27
user27,user27@example.com,User27 is a sample user with interests in various fields.,1990-04-28
user28,user28@example.com,User28 is a sample user with interests in various fields.,1990-05-01
user29,user29@example.com,User29 is a sample user with interests in various fields.,1990-06-02
user30,user30@example.com,User30 is a sample user with interests in various fields.,1990-07-03
user31,user31@example.com,User31 is a sample user with interests in various fields.,1990-08-04
user32,user32@example.com,User32 is a sample user with interests in various fields.,1990-09-05
user33,user33@example.com,User33 is a sample user with interests in various fields.,1990-10-06
user34,user34@example.com,User34 is a sample user with interests in various fields.,1990-11-07
user35,user35@example.com,User35 is a sample user with interests in various fields.,1990-12-08
user36,user36@example.com,User36 is a sample user with interests in various fields.,1990-01-09
user37,user37@example.com,User37 is a sample user with interests in various fields.,1990-02-10
user38,user38@example.com,User38 is a sample user with interests in various fields.,1990-03-11
user39,user39@example.com,User39 is a sample user with interests in various fields.,1990-04-12
user40,user40@example.com,User40 is a sample user with interests in various fields.,1990-05-13
user41,user41@example.com,User41 is a sample user with interests in various fields.,1990-06-14
user42,user42@example.com,User42 is a sample user with interests in various fields.,1990-07-15
user43,user43@example.com,User43 is a sample user with interests in various fields.,1990-08-16
user44,user44@example.com,User44 is a sample user with interests in various fields.,1990-09-17
user45,user45@example.com,User45 is a sample user with interests in various fields.,1990-10-18
user46,user46@example.com,User46 is a sample user with interests in various fields.,1990-11-19
user47,user47@example.com,User47 is a sample user with interests in various fields.,1990-12-20
user48,user48@example.com,User48 is a sample user with interests in various fields.,1990-01-21
user49,user49@example.com,User49 is a sample user with interests in various fields.,1990-02-22
user50,user50@example.com,User50 is a sample user with interests in various fields.,1990-03-23
user51,user51@example.com,User51 is a sample user with interests in various fields.,1990-04-24
user52,user52@example.com,User52 is a sample user with interests in various fields.,1990-05-25
user53,user53@example.com,User53 is a sample user with interests in various fields.,1990-06-26
user54,user54@example.com,User54 is a sample user with interests in various fields.,1990-07-27
user55,user55@example.com,User55 is a sample user with interests in various fields.,1990-08-28
user56,user56@example.com,User56 is a sample user with interests in various fields.,1990-09-01
user57,user57@example.com,User57 is a sample user with interests in various fields.,1990-10-02
user58,user58@example.com,User58 is a sample user with interests in various fields.,1990-11-03
user59,user59@example.com,User59 is a sample user with interests in various fields.,1990-12-04
user60,user60@example.com,User60 is a sample user with interests in various fields.,1990-01-05
user61,user61@example.com,User61 is a sample user with interests in various fields.,1990-02-06
user62,user62@example.com,User62 is a sample user with interests in various fields.,1990-03-07
user63,user63@example.com,User63 is a sample user with interests in various fields.,1990-04-08
user64,user64@example.com,User64 is a sample user with interests in various fields.,1990-05-09
user65,user65@example.com,User65 is a sample user with interests in various fields.,1990-06-10
user66,user66@example.com,User66 is a sample user with interests in various fields.,1990-07-11
user67,user67@example.com,User67 is a sample user with interests in various fields.,1990-08-12
user68,user68@example.com,User68 is a sample user with interests in various fields.,1990-09-13
user69,user69@example.com,User69 is a sample user with interests in various fields.,1990-10-14
user70,user70@example.com,User70 is a sample user with interests in various fields.,1990-11-15
user71,user71@example.com,User71 is a sample user with interests in various fields.,1990-12-16
user72,user72@example.com,User72 is a sample user with interests in various fields.,1990-01-17
user73,user73@example.com,User73 is a sample user with interests in various fields.,1990-02-18
user74,user74@example.com,User74 is a sample user with interests in various fields.,1990-03-19
user75,user75@example.com,User75 is a sample user with interests in various fields.,1990-04-20
user76,user76@example.com,User76 is a sample user with interests in various fields.,1990-05-21
user77,user77@example.com,User77 is a sample user with interests in various fields.,1990-06-22
user78,user78@example.com,User78 is a sample user with interests in various fields.,1990-07-23
user79,user79@example.com,User79 is a sample user with interests in various fields.,1990-08-24
user80,user80@example.com,User80 is a sample user with interests in various fields.,1990-09-25
user81,user81@example.com,User81 is a sample user with interests in various fields.,1990-10-26
user82,user82@example.com,User82 is a sample user with interests in various fields.,1990-11-27
user83,user83@example.com,User83 is a sample user with interests in various fields.,1990-12-28
user84,user84@example.com,User84 is a sample user with interests in various fields.,1990-01-01
user85,user85@example.com,User85 is a sample user with interests in various fields.,1990-02-02
user86,user86@example.com,User86 is a sample user with interests in various fields.,1990-03-03
user87,user87@example.com,User87 is a sample user with interests in various fields.,1990-04-04
user88,user88@example.com,User88 is a sample user with interests in various fields.,1990-05-05
user89,user89@example.com,User89 is a sample user with interests in various fields.,1990-06-06
user90,user90@example.com,User90 is a sample user with interests in various fields.,1990-07-07
user91,user91@example.com,User91 is a sample user with interests in various fields.,1990-08-08
user92,user92@example.com,User92 is a sample user with interests in various fields.,1990-09-09
user93,user93@example.com,User93 is a sample user with interests in various fields.,1990-10-10
user94,user94@example.com,User94 is a sample user with interests in various fields.,1990-11-11
user95,user95@example.com,User95 is a sample user with interests in various fields.,1990-12-12
user96,user96@example.com,User96 is a sample user with interests in various fields.,1990-01-13
user97,user97@example.com,User97 is a sample user with interests in various fields.,1990-02-14
user98,user98@example.com,User98 is a sample user with interests in various fields.,1990-03-15
user99,user99@example.com,User99 is a sample user with interests in various fields.,1990-04-16
